slide_id,mean_tumor_prob,max_tumor_prob,min_tumor_prob,std_tumor_prob,tumor_tile_fraction,tumor_centroid_x,tumor_centroid_y,tumor_spread_x,tumor_spread_y,entropy_tumor_prob,skew_tumor_prob,kurtosis_tumor_prob,mean_tumor_cluster_dist,mean_neighbor_dist,slide_label
normal_001,0.0274564308639301,0.97771215,0.0004836874,0.0866545906965565,0.0098012147984538,266.59154929577466,473.6056338028169,34.21661628498716,50.90739420910949,0.0769507286931031,5.822245427513389,39.940078557060566,70.62149155391707,1.014274299061896,0
normal_002,0.0784298083126309,0.99170715,0.00049171114,0.1561506732918658,0.0391597510373444,281.9403973509933,658.2119205298013,58.22117361231869,43.728028999174256,0.161964098919847,3.218884588251097,10.934230085587542,79.71017749771669,1.0259154820906131,0
normal_003,0.0497762405074319,0.98361844,0.00039164338,0.1212464414172175,0.0208990075890251,203.963687150838,318.8212290502793,66.47031781668213,48.34577964685873,0.1165560003132355,4.088955545553126,18.902095906697117,100.06223100544028,1.0233747697338709,0
normal_004,0.0825619719277674,0.9992687,0.0005428184,0.1862419210128828,0.0542082738944365,136.3815789473684,357.7061403508772,42.46979332272935,43.52188960255279,0.1325157030974681,3.1025048357454463,9.399200945073218,59.56159086486177,1.017373890100882,0
normal_005,0.0350467247622443,0.99974114,0.0005061108,0.1091091098265254,0.0157085561497326,302.3829787234043,633.6702127659574,47.27018456251271,87.45690589837051,0.0836545859302128,5.394764167660791,32.990725972360025,109.56827602552325,1.027237975604284,0
normal_006,0.0968889002406685,0.99999845,0.00068826985,0.214350384615526,0.0767065446868402,269.27522935779814,222.84097859327215,17.70323052792244,105.58382513980276,0.1276485374511764,2.717407094472773,6.582520729047728,116.70417240557296,1.0541035072809468,0
normal_007,0.0369299321523974,0.9889631,0.0003932101,0.1153326108068445,0.019993135404153,222.6480686695279,518.1974248927039,26.92248781868451,31.63437300786254,0.0786928838718246,4.765218343466231,25.18781861103457,46.58402115254599,1.045429564058663,0
normal_008,0.0547100891449167,0.9844744,0.0006487228,0.1327452299766772,0.0247413405308142,135.0909090909091,579.2545454545455,11.438805925083944,18.682240649945587,0.1216356973364963,4.0983033210964885,18.754894928885943,26.23060779569782,1.0006361734423632,0
normal_009,0.1207478106003584,0.9999299,0.00071548193,0.2333367623109507,0.096126412816855,256.4242770167428,665.1183409436834,80.74205864774048,53.8791498063334,0.1557889539385991,2.3367405547415774,4.464341493413293,120.08271267818512,1.006503909182405,0
normal_010,0.0654378490355082,0.9993056,0.00044907397,0.165921925118483,0.042833397263777,286.0955223880597,700.8417910447761,83.13486513398885,94.57225958683298,0.111603039989332,3.5838941523419385,13.03676890202143,144.03614969631454,1.0229034852755254,0
normal_011,0.0619479013745816,1.0,0.00030397534,0.1728551676070752,0.0451085947651754,251.41460905349797,581.1316872427983,73.97093685029083,183.9438939330692,0.0944287772943195,3.7316550726794486,13.816384368650876,238.1462208269565,1.0079084566228924,0
normal_012,0.0582338338316445,0.9984382,0.00065180473,0.1465633335579967,0.0335907028575977,121.1824644549763,731.824644549763,35.51419682207361,56.34808507149436,0.1158305628609749,3.8241117664595783,15.421600091735394,79.68070552110414,1.0041234974921855,0
normal_013,0.1142821378236815,0.991041,0.00072237675,0.208903105357191,0.0799899066363865,262.205047318612,626.4731861198738,19.537206430101467,39.3270290209571,0.1703588747425767,2.3014897664451683,4.597819748805197,52.331954007367706,1.0312184855300843,0
normal_014,0.0460464513587455,0.99993384,0.0004917582,0.1430310364791472,0.0292026409344845,181.7173913043478,698.7217391304348,79.53026851825669,67.71725717063971,0.0847820756013838,4.545789406091364,21.570598532166475,102.22084981449164,1.0132576695491822,0
normal_015,0.0521049090855359,0.997813,0.00043140075,0.1348392031219263,0.0261701056869652,211.43589743589743,569.5448717948718,69.20332789480558,62.65063995983381,0.1080002296657628,4.045053027852455,17.945011619267582,112.08819890339186,1.0130347137421,0
normal_016,0.1327960725031537,0.97410446,0.0007893973,0.2046704425846964,0.0735873850197109,127.21428571428572,504.5357142857143,39.87467612305293,14.801018649445195,0.2193016119523643,2.144328484486687,4.186248084509073,30.072872760627824,1.2091470482116855,0
normal_017,0.1128341336175463,0.99391055,0.0007551051,0.1996798849442682,0.0711805555555555,178.09756097560975,578.1463414634146,33.9031174992062,17.405112288335907,0.1836281614950754,2.368249086738832,5.035303522531746,45.41337743717777,1.0052214123624013,0
normal_018,0.0240810843136387,0.991746,0.00048395054,0.0824073816678315,0.0085557837097878,320.8,532.34,54.13557056132317,70.9501543338702,0.0679734243371949,6.242701363130881,46.02348179425299,103.82639093083188,1.0082048237215555,0
normal_020,0.1087935635733558,0.98711884,0.0009929758,0.1845926086707358,0.0623946037099494,172.24324324324326,374.0878378378378,17.407524631770524,21.532166087185374,0.194618386427544,2.407005070756496,5.512372342558734,32.30055275238608,1.0167214429530127,0
normal_021,0.0364735374726439,0.9814284,0.00068969507,0.1057440846140892,0.017626321974148,149.43333333333334,240.3,25.20011022903581,14.88433180674676,0.0908425984372393,4.863446738184333,26.653415917578496,28.49390031934678,1.0190045899860865,0
normal_022,0.1313894994583677,0.9993393,0.0005013946,0.2250641070354432,0.0940372520561199,250.308038585209,585.4405144694534,94.41127599529416,149.86024196108735,0.184594458361479,2.128769306180428,3.707983815084793,203.27508956234317,1.0255944584649843,0
normal_023,0.054862502469294,0.9997222,0.0005240466,0.1349975349140788,0.024798927613941,153.19819819819818,563.8558558558559,16.999639540333146,193.2561595045024,0.1203039684339882,4.030326963595172,17.911099726291923,206.42532383568636,1.0554196216619292,0
normal_024,0.0706306968351136,0.9999733,0.00048027805,0.1656516355092786,0.0445251480025869,145.7418994413408,641.4245810055866,72.1662526460473,200.88369202052343,0.1244346375873326,3.311291327677898,11.12119385201342,251.76053940590404,1.05874000418679,0
normal_025,0.0695495662092361,0.9994779,0.00050932204,0.1695101178469557,0.045926057274581,167.4189189189189,653.6264478764479,61.13743449721097,99.78747897778304,0.1182997514796388,3.414811727702274,11.769084631844247,140.13782640145163,1.0186974134215077,0
normal_026,0.0645819511249716,0.99958223,0.0005477844,0.1686924503026014,0.0442391832766164,201.44078144078145,675.5873015873016,89.33225272636489,74.5925235947615,0.1073185687282476,3.604986473774253,13.024000518289824,141.37532080868513,1.0254506385270992,0
normal_027,0.0641902323286111,0.96416944,0.0010473632,0.1088317105242124,0.0138888888888888,251.95,524.5,54.96405643691157,69.7771452554488,0.1809650537809256,3.923447651540534,19.6069708864231,94.56881787992212,1.076131319853874,0
normal_028,0.1068115561809709,0.99557835,0.00057037116,0.1891772474788787,0.0642357430570277,231.1771177117712,560.4598459845985,61.84346686508312,92.38206756431155,0.1824792614306775,2.4513991645120017,5.722625434577214,135.69220764974838,1.0295296317843434,0
normal_029,0.0712523749056632,0.98028576,0.00053205836,0.141611460718262,0.0316690903215382,240.6071428571429,510.8163265306122,65.75296804040445,75.41772743192027,0.1578513124379376,3.386553306239208,12.74588813300021,117.63414256926558,1.0872465137337952,0
normal_030,0.0631566935848375,0.9838209,0.0005537054,0.1320608569325461,0.0263695450324976,180.11267605633802,575.5985915492957,80.15443707605692,101.79522802528857,0.14372750030497,3.5104379517908244,13.976441238175902,142.65423900181344,1.0594922823009163,0
normal_031,0.0591486616770142,0.9972982,0.000519269,0.1377283233998789,0.0287843028367809,208.8842443729904,523.403536977492,128.5800991837425,107.6487807060061,0.128018801937983,3.801926103237501,15.909376941341842,209.82521389233105,1.0387825262149657,0
normal_032,0.0300768184876688,0.9984536,0.0004761842,0.0924117867587469,0.0107256301307701,220.8,591.8423076923077,83.72697387249914,43.37832384140656,0.0821567803846982,5.740779156591306,38.8775228964756,114.9036246431223,1.0235850949799918,0
normal_033,0.0310619765887043,0.99999845,0.0004119663,0.0968572387373517,0.0118217848845155,184.08670520231212,522.5520231213873,64.47442919313164,224.8270855387774,0.0838724865098129,6.019442926635779,42.39978939030279,277.1834003132065,1.0084692999950078,0
normal_034,0.0732719555521772,0.9995167,0.000425479,0.1609635735055417,0.0421215317812722,257.7140361094933,436.7804309842749,83.01864064920338,104.7753461647239,0.1357098060420353,3.1847669155179545,10.454025037094254,164.7131272833808,1.0263893264970798,0
normal_035,0.1094533820040292,0.9969313,0.000537869,0.1729639644970532,0.0535763601215133,213.7164948453608,550.2731958762887,43.16662795675833,34.58506028534595,0.2105635046614863,2.375722348753444,5.665471525959133,53.20602995070482,1.1172566592486894,0
normal_036,0.0655192948127455,0.99999285,0.00048082336,0.160553504208544,0.0419583108991616,160.2667277726856,676.4665444546288,47.00000372699391,94.44681687612191,0.114757140506684,3.424890940997003,12.041289104347316,124.72429711993212,1.0025156779297275,0
normal_037,0.0918816821445177,0.9988691,0.0004797653,0.1835093690331934,0.0570053582059932,171.49782419495213,594.7728459530026,46.78327385306864,188.6485575165742,0.1543096030628958,2.75630036605608,7.430246251968132,224.3480723614372,1.007445766502297,0
normal_038,0.2265118784620617,0.99983263,0.0015500593,0.2895670688123679,0.1840813464235624,124.51809523809524,637.5619047619048,40.97444216408073,24.073033246876378,0.2550770151298593,1.385708269424561,0.607122821413109,46.32869895230193,1.0179975566198296,0
normal_039,0.1235494674951462,0.9989969,0.00040200053,0.2172847208312027,0.085124186984139,212.9075067024129,507.57998212689904,43.27832413043053,209.3187161375419,0.1792500505028792,2.237572027103264,4.305738560924954,248.48086355451875,1.0139031922802697,0
normal_040,0.0999420746106773,0.9997682,0.00042443743,0.1984207682914565,0.0673169527102111,226.61885546588408,610.507703595011,75.81272295698784,103.30606738074924,0.1540885866635097,2.629465518700283,6.45666391755316,160.0546868138345,1.021876166721494,0
normal_041,0.0352959273898126,0.9999373,0.00043029306,0.1164955651382886,0.0192963698386029,198.8575197889182,579.9234828496042,52.98295404850576,57.598207540515645,0.0771937042472924,5.2489374642358975,30.37296181338817,94.72394406880328,1.028751149973515,0
normal_042,0.0830684050426846,0.9979553,0.00074441475,0.1839024541231387,0.0504504504504504,244.42857142857144,658.75,11.456216563909033,4.205650960315181,0.1426165396094124,3.263155952906022,10.674690593435296,14.746415431442976,1.052040026578347,0
normal_043,0.0683906414569621,0.99870396,0.00047785588,0.1730374898350473,0.0462184873949579,197.65454545454543,683.7636363636364,19.26251015627665,18.79745015238516,0.11259539269329,3.547432348112229,12.64675846681883,29.685265267222203,1.1344254287788378,0
normal_044,0.0875874721908895,0.9999696,0.0005487308,0.2015925415503662,0.0645533141210374,219.02083333333331,633.0565476190476,110.26400750782872,106.69358280557734,0.1225341109809061,2.9343454816357184,8.042860151039422,181.2632984271043,1.0659625076290995,0
normal_045,0.1292584365134301,0.97369736,0.0011193132,0.1953459316855033,0.072595281306715,240.15,546.66875,53.967953453878536,189.2620115697746,0.2369743646174421,2.3907242827018296,5.322939738909197,225.73540910915384,1.195828524408098,0
normal_046,0.0504472854262321,0.96664363,0.00040151243,0.1288740885090077,0.0245706106870229,261.00485436893206,613.7766990291262,65.37074978835268,57.509801957078814,0.1074969417050446,3.935590376578834,17.02025789853757,98.8908893687998,1.0153645018702857,0
normal_047,0.0429707766211245,0.9969087,0.0003594593,0.1271394985993567,0.0243940907418116,179.41163793103448,727.7349137931035,40.13630808417145,41.92913753144106,0.0883052836109142,4.505994361919583,22.03554705320573,66.212171076368,1.02327650018856,0
normal_048,0.0631058588894296,0.9991054,0.0003560506,0.163696800678354,0.0436396559529198,174.36307053941908,599.9149377593361,34.74535291341868,43.27537780980298,0.103074855354731,3.507343920714652,12.43874165826182,67.9493396867964,1.0036864450248848,0
normal_049,0.0992014567828672,0.99095374,0.0004872903,0.1824583239078034,0.0588495575221238,220.09022556390977,668.2781954887218,73.38555190068867,36.27647664321874,0.1758615122643158,2.6322295264869915,6.725725569426,99.61409618705476,1.0868412567499437,0
normal_050,0.0780074793501886,0.9998615,0.00044051636,0.1633937550460827,0.0427184995365574,204.8149329929802,613.286534779834,58.67765518471003,120.40638576046454,0.1482491740253061,3.14784123508242,10.294165997909303,158.5854632220221,1.017583867787108,0
normal_051,0.0925984163958968,0.9999045,0.0005820304,0.1864095395706189,0.0583996966249526,86.90259740259741,453.0292207792208,83.63722447528268,135.47934065217714,0.1572426435869139,2.835113433373268,7.810631001483906,185.9220668330547,1.0940827158025743,0
normal_052,0.0266552557467792,0.9941831,0.0004037796,0.0974552240325559,0.0140003895007898,239.5208655332303,536.5749613601237,71.77008487109282,141.59964959032231,0.0638529252761222,5.94133611554894,39.36201136414063,188.29649342415945,1.0091896849926218,0
normal_053,0.0912993014796468,0.99996114,0.0003579765,0.1976462290574704,0.0647323682032022,177.76013724267,697.7473487211479,113.82618895955645,89.10852123451166,0.1377899690755495,2.870292328255368,7.748262952278101,178.8593049071803,1.0131388429948776,0
normal_054,0.0251557832468503,0.97467434,0.00048127136,0.0875937383375823,0.0102194672474451,114.32786885245902,598.4918032786885,17.460701835062764,27.405050958895544,0.0711754869665722,6.7107433391075855,52.05986256930112,32.1795048417279,1.0098647941891268,0
normal_055,0.1174032713192814,0.9998876,0.0004045814,0.2206468207850212,0.0858167032261516,222.08665835411472,703.6664588528678,39.61021866889896,67.14260030145411,0.1645139341801791,2.380298572974216,4.8934489365992375,92.5548147467675,1.0196540585490057,0
normal_056,0.019135327099306,0.96902555,0.0004057693,0.0620269949322133,0.004130393340535,257.0769230769231,593.8615384615384,83.3037643793083,79.60496252854841,0.0670773951129847,7.636140239481896,73.63013857475687,139.4544217965133,1.033888045618092,0
normal_057,0.1739975236448108,0.9998018,0.0004751271,0.2413787884433998,0.1233813554571444,229.0018173557474,548.3602907769196,74.53860497358878,41.410332887863206,0.2392459038026426,1.661664361934375,1.8165991295872232,104.26039647381052,1.0092774499546455,0
normal_058,0.0751133718389869,0.9999994,0.0006295537,0.1781951248698225,0.0489001362663032,182.10987261146497,702.671974522293,56.77672241565224,69.40325056576883,0.128657042015175,3.429174460785317,11.752715719689222,112.47225737970834,1.0027576183852247,0
normal_059,0.1380222860703207,0.9997367,0.00097134244,0.2224132386918098,0.0920225624496373,290.12434325744306,503.3152364273205,48.86093371480814,167.48791553994076,0.2094063085566332,2.155674008396117,3.92176248331382,198.456174378762,1.0522436849889465,0
normal_060,0.0185060419985189,0.96727633,0.0004582812,0.0724855661950815,0.0072687624931855,186.175,372.675,30.73344066322546,112.48564075027532,0.0584802374589776,7.879481636834857,72.07145243809455,131.66982238500586,1.0428368179232013,0
normal_061,0.0646783121033836,0.99996614,0.0003913437,0.1498621754171736,0.0337956931565637,208.47467876039303,554.5238095238095,73.27629147080687,214.8572976471355,0.1304875738900627,3.684602721936872,14.649627016511625,271.7636213988053,1.016558981995875,0
normal_062,0.100353166352122,0.99898106,0.00044824657,0.2004016000459937,0.0684108942740724,158.86206896551724,615.9670846394985,45.42929782003653,38.606289967348495,0.1555282628182348,2.6824252453557214,6.752880967101799,71.44959824086024,1.0108056405828707,0
normal_063,0.0665901718188419,0.9925493,0.00048747408,0.1469022293754033,0.0333026322167822,244.58660844250363,549.6419213973799,61.43919962100247,76.7388235148615,0.1354472686355396,3.403430262070621,12.41524256557957,120.03447856408413,1.013173573870646,0
normal_064,0.0343012335341512,0.99303,0.00039463112,0.1023630164496658,0.0153736711061929,227.11311053984576,440.478149100257,94.20293446349092,150.2224833694501,0.0857605571003387,5.090051823363853,29.297225959145702,205.88511500363515,1.0431043796061048,0
normal_065,0.0459007102479883,0.9839113,0.00037255845,0.1207581356290116,0.0216984077427411,183.0047961630696,664.2805755395683,40.46213821926614,61.89311922841045,0.1080099211743092,4.541981207845785,23.103347592473607,90.6892557062716,1.0089267869062866,0
normal_066,0.0587696710314164,0.9996051,0.00041793744,0.1360376537090462,0.0277420047220433,229.1561895551257,525.9879110251451,118.8371009096002,144.94947545309532,0.1270641405671268,3.735845727432413,15.348859764582729,235.202574721585,1.0145259894390664,0
normal_067,0.0676248723426928,0.99996376,0.00038723962,0.1543345739266512,0.0359366278820145,176.7658303464755,601.1660692951016,88.5143145160758,121.35150872360754,0.1333062557377513,3.576174483960393,13.656921460402502,187.54238654961588,1.0634928796087162,0
normal_068,0.0754260876273059,0.9995677,0.0003932971,0.1544583821978432,0.0384028782605295,324.31771894093686,540.9378818737271,62.95895336041352,99.46649545305762,0.1517823629190035,3.188428209065856,10.805274481420849,130.73116245245035,1.0371527316137563,0
normal_069,0.0169230149499356,0.9963959,0.0003219567,0.0618212739896312,0.0043907793633369,268.3583333333333,674.525,111.64801803236614,90.37901328110785,0.0580660565012478,8.292564173514423,85.8334709061344,178.51704686239938,1.014641547923538,0
normal_070,0.0511722151608456,0.9996629,0.0003751953,0.1309296224185865,0.0253990953321001,272.2637698898409,644.4559363525092,76.26528506298898,97.47524346722469,0.1066671306875012,3.922386768602872,16.91966894978262,152.40334665053842,1.0055226309505982,0
normal_071,0.0768276261131104,0.99999595,0.00039664403,0.1767156338647591,0.0484872571911172,196.93545081967213,452.3965163934426,85.68191349763632,28.3749331651509,0.1318322176671789,3.33574425891749,11.269242722831915,108.0099542249896,1.0159331047109657,0
normal_072,0.1048161748582273,0.9999081,0.00041590887,0.1922737308809288,0.0631234413965087,247.84115226337448,530.3909465020577,70.32129873276241,154.32930240426026,0.181129389580215,2.692640989321342,7.059446482821763,194.97654361099487,1.0597165299079985,0
normal_073,0.035281039139937,0.99762636,0.0004258641,0.1062837871541492,0.0158153131207135,250.7109004739337,594.5876777251185,52.12968539315335,177.157012961741,0.0847939638696348,5.0360184731993805,28.82806424695581,215.2884731611736,1.0071139036416898,0
normal_074,0.0409554276010478,0.9996904,0.00034379604,0.1259223693593286,0.0228765623574491,215.19940179461616,698.9561316051844,61.182857839112046,150.44529474085138,0.0842535492135528,4.739150057395035,24.48617327401476,193.08958331221453,1.0055474653541372,0
normal_075,0.139923960223467,0.9999138,0.00036092434,0.2251794461868498,0.0969873525650135,251.8615384615385,670.5065934065934,94.17754968692064,68.93001276529472,0.2038446609405915,2.054631369728749,3.432132180052359,146.3269535235773,1.0206663795642916,0
normal_076,0.0345674776606893,0.997879,0.0003244077,0.1057050306420223,0.0158139932469974,250.5925675675676,580.1094594594595,106.73208223018692,147.72701784849824,0.0831008190507946,5.183600268572777,30.566182518665126,229.37375405458397,1.0057905725964336,0
normal_077,0.0378353485944598,0.9841778,0.00044782955,0.0992271512548574,0.0126400833984884,181.4278350515464,692.2268041237113,67.20853413266393,67.23784604917655,0.1014507927963567,4.951972716946576,29.36982627592369,107.13419906564305,1.034130777519177,0
normal_078,0.0388383927277488,0.9999871,0.00043839525,0.1054168444450694,0.0143931059772643,240.0828025477707,590.3694267515923,31.343273393986536,66.79556095554295,0.1029277166294299,5.378844737857465,34.26788671302843,88.30474949200854,1.0081217631118509,0
normal_079,0.0734046073598023,0.9998995,0.00041356264,0.1621494439311071,0.0411016210563012,262.7014418999152,696.1874469889738,41.43201005001288,102.08898467699396,0.1368874810093185,3.288186490612401,11.264887774715024,123.88342649830436,1.04158952167526,0
normal_080,0.0289134250058565,0.99964714,0.00031752937,0.0866988411437108,0.0101764199655765,255.6490486257928,714.029598308668,113.70240209057488,117.99449574742265,0.0835289505918773,5.900474241988756,41.37505053751329,203.576683585898,1.014621036282921,0
normal_081,0.0547787763188959,0.9974986,0.0003870988,0.1459436792326661,0.0327681935355938,303.1891074130106,617.3706505295007,60.899875189890885,117.82644606695456,0.1045141667405285,3.9765788315943302,16.730724487920888,163.07618061715607,1.032615062586251,0
normal_082,0.046054592937923,1.0,0.00035334457,0.1240949077475504,0.022473331365687,212.34709193245777,579.3395872420263,99.87165110365297,115.64480729149996,0.1007606004214327,4.308747361988406,20.64021970330401,192.36155873998464,1.0279975821202685,0
normal_083,0.0512403624738745,0.9965592,0.0004072275,0.1256443282832866,0.0221734611386996,214.65104166666663,654.1354166666666,34.38928640940757,88.64085069721742,0.1157511548957181,4.093965113195556,18.99879400655942,109.24416968992364,1.0355325179661083,0
normal_084,0.0227642517727806,0.9381748,0.000346313,0.0893991857946619,0.0110849056603773,169.59574468085106,430.51063829787233,32.34564627513399,39.514000933913806,0.0577427786537434,6.604280339061507,48.914452411404056,53.61477344814039,1.0564029747139765,0
normal_085,0.1073221850282208,0.9987884,0.0004118367,0.1955908214768905,0.0669400630914826,220.29123468426013,498.4165881244109,49.98519110086293,89.85336188944748,0.1769113725982155,2.529990450862547,6.084857706799779,126.77693031792424,1.007345039935398,0
normal_087,0.0444370159625168,0.997459,0.00037303238,0.1203890701478837,0.0207648127239703,218.82624113475177,567.5874704491725,109.33629265069794,75.20612358740112,0.0982498069454919,4.32743271395166,21.047857742689075,165.4581972707911,1.0150267586651478,0
normal_088,0.0209485341970074,0.98603684,0.00036069387,0.0730387048977769,0.0065777658045977,250.518771331058,641.8839590443686,94.9954039979984,89.64358807309914,0.0648958531936599,7.039582032359172,59.711829256298905,163.91291119135218,1.0111578048629055,0
normal_089,0.0130189495706785,0.99483997,0.0002519923,0.0534323255057524,0.00339822117805,174.3127572016461,557.3786008230453,84.82934285534851,186.5845627275956,0.0491218751747182,9.625239836114616,112.81260819207448,248.55676463172108,1.0046244514671048,0
normal_090,0.030546256152704,0.9986401,0.00039314624,0.0960374088157157,0.0123615221433622,212.4322033898305,592.4766949152543,87.44065578994466,124.90860848565312,0.078503255915033,5.528989579787786,35.51462919740612,191.42812997426984,1.015089492315017,0
normal_091,0.0442434166484572,1.0,0.0003588577,0.1275175448075183,0.0233325918728122,258.7491219267436,593.1801304565981,98.2328366493011,143.37895768157028,0.0934616106736778,4.578229043753304,23.05382966229136,217.92739263533133,1.0123087873571517,0
normal_092,0.025856450351815,0.99825436,0.0003585747,0.0825024207662405,0.0084953438980558,235.05769230769232,413.49038461538464,78.50867503794098,99.24842521443036,0.0761564584515848,6.38533247360013,49.05995793580316,142.00134532765512,1.0586523481606125,0
normal_093,0.1628135569263599,0.99975735,0.00058502814,0.2365824002419623,0.1139291646092382,247.92119779353823,592.3869188337273,78.57647050939757,100.02364977575196,0.2297110713407161,1.806052925753634,2.379073898321763,157.034069070321,1.019643478736728,0
normal_094,0.0467195642938962,0.99973077,0.00055603904,0.1152206342961295,0.0183711847244322,251.75984251968504,661.7047244094488,47.61775087507176,193.97979493705444,0.1168474652337089,4.594392869395191,24.58259534721279,227.4422525895756,1.0598463562309526,0
normal_095,0.0259337002755355,0.99706084,0.00036714197,0.080828179747131,0.007987732307974,148.81948424068767,762.0773638968482,65.84695347740457,136.59205478467717,0.076232663253741,6.162285043879105,46.03793049146557,178.96949816708303,1.0084862463080482,0
normal_096,0.0437975165703914,0.9972978,0.0004995951,0.1189438633126652,0.0207372152882327,225.34894613583137,581.0281030444964,87.39687140400319,155.49234084892382,0.1010884122619346,4.527475694966928,22.95997639353505,219.79171202528747,1.021370551440882,0
normal_097,0.0321789426438613,0.99999,0.00037360698,0.1018508362073343,0.0139264602745215,232.79856115107916,586.7482014388489,83.42269758734643,116.53029948560172,0.0804243878896805,5.599235777671094,36.08279228375347,177.0710198255531,1.0067117994858776,0
normal_098,0.044118173156714,0.99965084,0.0004353412,0.1272613634814751,0.0242453436095054,242.91059602649003,552.9238410596026,95.51319360499303,87.72366396636284,0.0956303407816875,4.648073100739123,23.479306488649144,155.35368615257505,1.0156661196475485,0
normal_099,0.0888283457501864,0.99960166,0.00033180517,0.1738590934161709,0.0509438063232515,286.75254348539545,508.4099113882508,82.50487234428897,114.22517765908322,0.1608384956346981,2.8397318920322947,8.099118795646204,168.35099546853309,1.002651350722643,0
normal_100,0.0391971884958409,0.97593176,0.00035335874,0.105953478607296,0.0158146201624462,229.9546827794562,692.1812688821752,38.65215237092772,55.82977807984122,0.0984213295571025,4.724504264510592,25.71303105283798,80.10243246054058,1.0247037860014034,0
normal_101,0.2644603025358177,0.99990463,0.00089168857,0.2641240632644505,0.1981223612094511,170.628987425546,235.28510919920583,43.7942591509464,100.38623351925956,0.3276800072924289,1.090635426805944,0.0824824849231284,133.5855582439601,1.0080443022148056,0
normal_102,0.162744156464583,0.9971419,0.0006802946,0.2220911596763845,0.1059042705646317,144.3897158322057,254.37618403247632,70.30769183797503,54.790206606395856,0.2523371516741768,1.7942266745130488,2.432740455924314,91.655790362663,1.0961099097532292,0
normal_103,0.3272088485719596,0.9995838,0.00065844454,0.2858719237164768,0.2782780456631615,277.4436325678497,119.12004175365344,111.57325713579418,40.969304605170464,0.3417175599542454,0.7096176508794163,-0.7616263113086164,139.08174315125282,1.0175802611409948,0
normal_104,0.0908959368329495,0.9999987,0.0004454795,0.1787026753422556,0.0528466175485599,260.1263202365864,199.62061681453315,155.51254264882417,76.7505831419657,0.163644489411088,2.922218790910116,8.631171305490255,208.64337778160484,1.01095477699224,0
normal_105,0.0549442431222311,0.9955627,0.00037816513,0.1370682556631346,0.0291749973692518,244.0910730387737,211.7330928764653,83.20213309687034,49.13062946442142,0.1130080721142599,3.827009474441778,15.808816024455536,118.37848113281792,1.00971248280701,0
normal_106,0.0899927408554336,0.99999654,0.00051262154,0.1757379696892759,0.0499239815073381,289.9801118707272,225.2430080795525,93.54495389247072,68.31833315459555,0.1658554680906973,2.9490675404630977,8.834747382207928,137.56547491223355,1.0275995964653943,0
normal_107,0.0944248034568151,0.9995757,0.0005166723,0.1757706178098548,0.052427998881536,197.85688888888888,250.58133333333333,67.28781272587257,80.45444153473856,0.1784620136997883,2.862879823533976,8.243637490919069,124.3312916782099,1.0205964645272685,0
normal_108,0.0860819361410508,0.9957671,0.0005166198,0.1824693789564989,0.0574170206072046,124.23287671232876,87.4931506849315,20.21048185115914,14.720708819733384,0.1478193330021706,2.998771191791917,8.729781504894737,30.594213600172942,1.0107645392247802,0
normal_109,0.2620340585351438,0.99998975,0.0005306357,0.2900936935713603,0.2176368170909604,228.21016216216216,146.49535135135136,110.03284199888724,71.65101632602449,0.2830932501320993,1.0534031739205822,-0.1778584634135289,161.35989991670772,1.0224927562906367,0
normal_110,0.1988075391880109,0.9998147,0.0005156111,0.2577195995692879,0.1465900034156894,247.98446601941748,176.6252427184466,77.36244636908795,70.96480013324069,0.2582863383400334,1.5259932954311592,1.2661458392293192,129.24295693123784,1.024925017336893,0
normal_111,0.256059898926544,0.99934524,0.0004700858,0.2738043403346967,0.2036982538748283,357.9466650614014,190.7635444257164,175.65918962486865,70.26773435141011,0.3031322552999496,1.093600150583729,-0.0096241698615031,228.72097208924816,1.0443850201409584,0
normal_112,0.1412910581655944,0.99993896,0.0005348769,0.223139501063649,0.0942875038142194,314.7739737693749,190.7112927950945,94.97191497219195,67.64554089576676,0.2142581437223298,2.107384015779132,3.700592367748511,138.5080864026908,1.009995645165069,0
normal_113,0.3378110377802036,0.9976283,0.0009890622,0.277344851877346,0.2844351373794996,414.59494795633407,115.1869763899467,188.31461054893103,35.46587199172231,0.3573458922131333,0.6385688146119964,-0.8115467395500455,222.26154918018275,1.022915871730112,0
normal_114,0.1436430136460458,0.999997,0.00043000764,0.2249506617430743,0.0962354331131518,301.6662946428572,223.7978515625,124.09868792158768,78.3976813477077,0.2131077187220093,2.040378850185917,3.411284935624176,181.87998369689697,1.01459896301962,0
normal_115,0.0745421866751135,0.9864449,0.00043121862,0.1354922309681725,0.0265132566283141,189.56981132075472,163.96226415094338,74.84729002771378,62.34915752382084,0.171149253413301,3.123049219006205,11.179239956968916,116.06772042633546,1.0537412911034183,0
normal_116,0.1570361659946794,0.995659,0.00069938716,0.2208008020974316,0.0986001555382735,270.01915492957744,95.07774647887324,149.97444918297438,27.07586910663052,0.2491151189032157,1.9507124390042212,3.0803833169211923,175.30547960550308,1.0151957585561118,0
normal_117,0.1051372763231155,0.99935275,0.00044299755,0.1929980033016789,0.0648748379375685,384.9592621060722,191.564950038432,190.64728700050935,60.13562535753668,0.1763114626280997,2.5857987729316085,6.40209905661803,233.7199864499635,1.0204290299719156,0
normal_118,0.0561840255185992,0.9999896,0.0003694984,0.1430525648300386,0.0296678712786095,266.6647331786543,172.36658932714616,123.70504225838664,74.66315818388237,0.113868269062124,4.0973546544181,18.40011370822936,174.93862259594638,1.0224465827682043,0
normal_119,0.2262782032717623,0.9990345,0.00060373725,0.2527961464092456,0.164833189531205,225.24187568157035,226.14983642311887,73.38828000630173,96.77231601929186,0.2994633449461525,1.2684171424768025,0.5435950487391437,150.0969608859884,1.0146159910401518,0
normal_120,0.1254482115272241,0.9993718,0.0004786651,0.2022861835973751,0.0772690763052208,366.7160083160083,194.6948024948025,241.8808069155733,86.42476926331194,0.2103712102443819,2.260318774803516,4.593847346019857,305.2157393733888,1.029712884034311,0
normal_121,0.114519486870339,0.9994759,0.00047848807,0.1883179843327532,0.0633921194336021,469.51370786516856,261.2575280898876,169.01246258404626,61.29294343754405,0.2060410694239354,2.4466341423259306,5.786767588394052,207.40167185807377,1.0181544368717994,0
normal_122,0.0467037680649407,1.0,0.00035786303,0.123536735151587,0.0218853094409691,195.3673805601318,163.35914332784185,73.1098570165049,83.21338469073264,0.1040969301599548,4.390083929280867,21.76101982836896,138.086684914331,1.0104336677891814,0
normal_123,0.0798895234620797,0.9999993,0.00038973964,0.1796336511031393,0.0518928402726229,137.84135240572172,102.31339401820546,79.26220781537616,35.2476188138108,0.133413358172919,3.150832654640039,9.844047511841612,96.13334679604915,1.0354363252622694,0
normal_124,0.1747067436968996,0.99970055,0.0004540646,0.2376179720608413,0.1221418572095193,360.4590894619548,225.7048710601719,132.23257659019907,80.31028139353047,0.2461316830258416,1.6606256903672434,1.8606549612489036,191.4592121626341,1.037028618422987,0
normal_125,0.1726684621545918,0.9997328,0.000976642,0.2278300704935196,0.1122304809877756,254.97099069512865,248.25889436234263,115.82551913373048,52.39925325977512,0.2642606393040789,1.764002903324283,2.30942044802861,152.42409640806252,1.074837093580149,0
normal_126,0.1679880618446152,0.9987698,0.0004902738,0.2507252268979387,0.1287404573063135,318.16029432982253,185.7938248448997,160.2958475832004,69.92438191106656,0.2179221332371239,1.750601281125329,1.9832371750055908,213.33670071461236,1.00441668093798,0
normal_127,0.0798276669498004,0.9991653,0.00044588864,0.1564753742456957,0.0390444464451847,282.5411222136818,274.2144504227517,76.18918890325094,96.44279275244416,0.1641883933504621,3.160049758810757,10.621144327953395,144.5469265794442,1.0368785669450795,0
normal_128,0.1130897179617063,0.999361,0.00044589947,0.1854312175986562,0.0595504805955048,475.19174757281553,197.58131067961165,251.3907619118409,91.29030930520172,0.206048872907866,2.4755231047152906,6.059435438846128,301.7060511969244,1.018425140557656,0
normal_129,0.3936753083976517,0.9999939,0.0009074178,0.319137109509867,0.3684210526315789,496.3142857142857,223.79686411149825,246.91979271653184,57.17050086388951,0.3230263717845735,0.4113597582940039,-1.2535720995387765,297.5531737265855,1.0222228973268426,0
normal_130,0.1050705202437235,0.99881953,0.00048075852,0.1822831470957388,0.0584328980272297,170.73704232049454,187.67712791250597,64.12515099558055,79.53503661521171,0.1937158778623238,2.615175456284158,6.721596411569904,119.21360250951692,1.0152303024813931,0
normal_131,0.1530718947012538,0.9999994,0.0005349243,0.2342853878317761,0.1077615767659599,308.75816270060875,186.9410625345877,135.27325501951626,77.84017661384061,0.217255569383761,1.934299663778694,2.876146765205032,193.32886773714853,1.0163708413908672,0
normal_132,0.0712285073404103,0.99976677,0.00041138995,0.1609232112269471,0.0414277391064364,341.06143597335307,222.41894892672096,108.9748200253912,52.335540407230525,0.1319000097453925,3.317020476716648,11.415786234207426,146.5812138555269,1.0185406028721975,0
normal_133,0.0837563142255355,0.9896841,0.00075707503,0.1589430293496222,0.0427364793881581,303.1406096361849,120.02556538839724,166.4927732738893,36.31441600160685,0.1742552875441393,3.086598847635864,9.900820082876404,195.74444492194303,1.02641406662989,0
normal_134,0.442591936125,0.94835854,0.029294776,0.3302141936727348,0.5,200.0,214.75,60.045815840906016,9.730750228014282,0.3052464990695257,0.0550111572984615,-1.5215317973417086,71.33783485009106,11.236083739757165,0
normal_135,0.1955314225340433,0.9997694,0.0005638355,0.2553650627688981,0.1452167724334262,207.91688789054524,183.6291607106392,106.66551359056398,102.58995122263424,0.2561787862668958,1.5234607609856985,1.226696345188079,183.732406797943,1.0134766831452926,0
normal_136,0.1660574010841452,0.99997187,0.00052689906,0.2579692795833131,0.1289939363940106,231.3557175748273,167.73484267075978,105.45061231900388,61.97988117205355,0.2069795334345627,1.828317853329748,2.2271323500286107,150.66153051881588,1.010201151838198,0
normal_137,0.183540048288662,0.9999945,0.0005353339,0.2699059679012803,0.1465446068670778,355.37663628831814,227.14714167357084,186.065087767119,73.44674768395873,0.2125805990700512,1.6172385339986155,1.4236950069715406,239.1954546694031,1.0248465657820138,0
normal_138,0.3287127859584972,0.99944264,0.00054255384,0.3089831588247202,0.2882947976878612,356.74770258980783,261.82414369256475,162.69815321981363,64.70021790818136,0.3081083831724382,0.7108127263425853,-0.8461801058949168,210.45917415775577,1.1539672281715814,0
normal_139,0.3488163463988144,0.99982184,0.0006214598,0.3071717910473652,0.3110031900204733,431.70988977342313,234.77311696264545,225.9069999653884,79.50870437982495,0.3228460099848034,0.6139754528217811,-0.9823575356585224,284.1527893755588,1.0376284170756247,0
normal_140,0.0304257818802052,0.99906737,0.0004574171,0.0930083343435571,0.0117278058093549,167.65988372093022,221.63372093023256,79.82632322145525,89.44892411700411,0.0816740328492161,5.6538163802419765,37.89123580368572,148.1931501345388,1.0222946498021566,0
normal_141,0.1198309282114707,0.9999727,0.0005492127,0.201084229458857,0.0731591898542494,329.7943078913325,103.94954721862872,175.04607523168426,32.22356879603523,0.202821498494152,2.407201441075105,5.38117653097901,191.61024799763555,1.0310312329671625,0
normal_142,0.3653739993386229,0.9998248,0.0006034617,0.3249774745153279,0.3420138467144419,376.5657362028553,375.7337168833014,235.2251490022782,92.8429646667788,0.3024106966372797,0.5146304494648423,-1.1891378118517546,296.3051324072793,1.02438615963556,0
normal_143,0.1121466859916366,0.99597496,0.0005659544,0.1768654291665242,0.0557442605574426,293.2770095073466,204.7800345721694,119.92741148845232,63.48797529249438,0.2165786713406324,2.488222443234532,6.228218107967745,164.45807242079104,1.0145912098471936,0
normal_145,0.1115963419622158,0.99997115,0.00041876055,0.2004833296664133,0.072289156626506,355.06992639327024,175.4621451104101,81.88347270290463,136.82505077154983,0.1798758542469982,2.4299014767906537,5.420242907635132,191.02173144659213,1.0186558509193024,0
normal_146,0.1136928209142262,0.99436086,0.00057082856,0.1727259991665369,0.053763440860215,352.578453038674,190.90055248618785,172.82177988328553,59.71236811391847,0.2249434391038103,2.441861414227843,6.104477855231865,220.1795961415878,1.0223372923751464,0
normal_147,0.105824397317492,0.9999957,0.00036143168,0.1852101051844721,0.0599712230215827,395.8282149712092,198.15403071017275,188.6746741828476,79.81788759726994,0.1894216276091913,2.581522296323427,6.551924072697338,248.93647189356284,1.0254862290629343,0
normal_148,0.0657382385204686,0.9907907,0.00077674363,0.1315497792719256,0.0252904449537659,253.309375,158.2125,172.17565859351134,61.10916333701518,0.1572028629398293,3.6694080275833407,15.353228098997905,205.12874761605613,1.0288282939740367,0
normal_149,0.2505445036953425,0.9999769,0.0004748769,0.2873847623321983,0.2056117544742985,356.3459483526269,180.28561887800532,133.5682348990811,66.2987459923989,0.2763784625451562,1.1398325968000718,0.0325978476812474,176.11663403799503,1.0230338571392588,0
normal_150,0.076437623760922,0.9984927,0.0004801107,0.1578238053324508,0.0408966787324569,154.5916149068323,144.46273291925465,53.970483000250006,28.52235980209598,0.149315477024451,3.098255908503464,9.975237486291544,75.19281354127949,1.0089778480030371,0
normal_151,0.0411793976070653,0.9999981,0.0003233341,0.1234873495267884,0.0215564099164788,171.70233702337023,174.61992619926198,34.38036936590929,95.54365421758352,0.0899578977786797,4.900967220550039,26.41514406064668,113.39708023278176,1.0091317476860262,0
normal_152,0.0912794172346064,0.999982,0.00037795646,0.1704119119788575,0.0483261482782479,262.8480176211454,126.70374449339208,108.76451255857958,56.94915526623937,0.1732401222999159,2.8272274189511206,8.214264150462625,146.80623985396466,1.0266393909001854,0
normal_153,0.0848719175922748,0.99879116,0.0005007171,0.1531378164480037,0.0379824801532986,238.18378378378375,152.8936936936937,94.50639192886749,56.2746599067279,0.1802852309756548,2.9685707643284704,9.502596561063289,136.8437724256159,1.0075901324316652,0
normal_154,0.0815557752787357,0.9999434,0.00050865643,0.1511199387273823,0.0363726790450928,289.3427529626253,168.975387420237,159.24190597023693,65.83568629017549,0.1779444515033795,3.205643478301756,11.201517022680749,207.6798807009434,1.023705037575496,0
normal_155,0.0549938982230482,0.9889591,0.0003698157,0.1379798368610666,0.0301495057865196,274.63756177924216,113.04612850082373,130.04291690268715,51.58854943001603,0.1150138326688337,3.9093898065648,16.285166538592033,167.86323338080052,1.011164491646384,0
normal_156,0.1205393918291541,0.9997236,0.0005375581,0.2025690786041337,0.0756958869962609,277.07189901207465,196.95115257958287,82.13624053641804,56.05978585207254,0.1963479718697415,2.2803828731753217,4.666968116623709,122.24220047952652,1.0218175984096585,0
normal_157,0.0622078051584448,0.99717206,0.00047293128,0.1287447307733706,0.0242027128315481,258.8841158841159,195.7142857142857,116.25885959791432,62.18118514412826,0.1496694775157789,3.769087269755084,16.154162581250326,161.67402354055542,1.0114650746147156,0
normal_158,0.09470430614634,0.99322224,0.0006160605,0.1567669046640845,0.0404610397406651,343.3412462908012,195.37685459940653,123.3055891617484,45.61360333818411,0.2067792055034171,2.97773940469685,9.594822190094096,157.051295569873,1.0491712180121404,0
normal_159,0.2205290261419486,0.9999951,0.00043621255,0.2721438465708156,0.1725353182439617,288.67758408170454,230.2271526677232,109.36186112079048,46.531055266929314,0.266699427674517,1.3623955130499357,0.6746515637032529,142.21112232900722,1.0159604836461211,0
normal_160,0.0789901255659201,0.99999964,0.0003389644,0.1958651298493141,0.0560443622920517,476.5702506596306,284.57058047493405,149.58399551396312,90.5064883747106,0.1151364415240249,3.3410909840682685,10.715590086846358,190.1255952952317,1.0046875484814626,0
tumor_001,0.0731890322455253,1.0,0.0005157177,0.1871131330620683,0.0526587506453278,189.90767973856208,471.3766339869281,98.2494514603692,102.81539778971282,0.1055765042838305,3.3600912067787787,11.025982429642236,174.18327959851618,1.0270745582204384,1
tumor_002,0.2063223641762801,0.9999908,0.0005536242,0.2852610729821245,0.1670044284320348,178.41752808988764,515.2633707865168,52.7897466908813,85.92877548326595,0.2258187539782977,1.4779328953161657,0.9293236056739232,121.41976330629696,1.0380403923580743,1
tumor_003,0.1467979048704325,1.0,0.000653585,0.2471039274415232,0.1106783075889858,297.94457928802586,616.745145631068,72.56454945722324,70.5097007308007,0.1885850657956341,2.044547011013448,3.18114494874856,122.77730127993028,1.043996665871267,1
tumor_004,0.0701791764269781,0.9999956,0.00040200073,0.1720717353517132,0.0466903618906942,211.23924864063272,715.4107760751359,75.0767549366188,114.82721797414771,0.1166949995557729,3.4146849156501844,11.72102141989978,154.61169912470817,1.0119232064467398,1
tumor_005,0.0197470538756264,0.9999937,0.0005153438,0.0802046295823313,0.0083476186927032,208.5446428571429,676.0625,50.30831520180216,68.73672355574254,0.0578679348235413,7.908388074875423,72.52633147073877,99.070794403809,1.0104247570432392,1
tumor_006,0.0402719585869138,0.9999999,0.00042407587,0.1123678290736175,0.0171846692346929,282.6274309109519,542.7154554759468,107.63862730867667,134.2526106119092,0.0987432228059741,4.978985762494848,28.454387703448127,214.23616991083327,1.0110998020834254,1
tumor_007,0.0240847821159299,0.99999964,0.00031011665,0.09357594194589,0.0123811362649032,158.85380116959064,655.7719298245614,70.04053456144145,86.61296487131787,0.059265041164407,6.51732131301288,47.88639960534168,134.1368846864602,1.002311443693991,1
tumor_008,0.0983288283101918,1.0,0.00047606888,0.1886144839302293,0.0602846462189794,211.92566305565933,478.8446021666044,123.64290316685933,88.69021892280041,0.1654682654500834,2.689532394515141,7.017520824439919,182.88482406140253,1.0076577892171337,1
tumor_009,0.4587071776374555,1.0,0.00041402195,0.4539743936537001,0.4399606050657845,199.31075651475143,648.416829296292,109.66239337814427,96.00594386471944,0.1189728132624916,0.2193376220398217,-1.8404700392043047,168.9999237267183,1.015366727942392,1
tumor_010,0.0600889348423894,1.0,0.00039816735,0.1468834475715334,0.0328697021388269,239.31636726546907,620.4101796407185,45.70073956058128,111.7432115410893,0.1167275497411662,3.687920200735307,14.638857157537092,145.45369001053714,1.0214058613509804,1
tumor_011,0.2750083916904914,1.0,0.0003937685,0.4073977384940763,0.2643210077645653,295.32662284305667,535.4225554642563,39.48792153222288,70.53220882839564,0.0968011080378496,1.0435930111906608,-0.7681500415504989,91.53015356776386,1.026165314154578,1
tumor_012,0.0195543243418943,0.9998921,0.00038998883,0.0787155376894571,0.0079888850295241,231.45652173913044,441.82608695652175,41.724357666527474,139.39006176722464,0.0587999637692501,8.186421040596159,76.7192456860179,170.3543857125906,1.004995080732595,1
tumor_013,0.1780345445117684,1.0,0.000549331,0.2603093753299244,0.1327564488745276,253.1802805280528,670.7900165016501,81.36825544388124,82.16883256773386,0.2255516349506332,1.7547865933976616,2.006545837607212,137.83972725531018,1.0306904596344368,1
tumor_014,0.1243048134172234,1.0,0.0004621395,0.2549500210445055,0.0968429542574029,200.56424747174304,334.8057703747769,57.75485285858554,62.70051990002247,0.134824515526725,2.4355424285304084,4.847903206702042,98.12690035166976,1.013526556832377,1
tumor_015,0.0252627019692504,1.0,0.00038758884,0.1024159067589262,0.0129361073986156,237.48033924441015,512.8858905165768,127.98304192265854,153.1033663755484,0.0601465583511037,7.048392364890839,54.96203568339058,239.57261425952083,1.0022766983639884,1
tumor_016,0.2178051228346988,1.0,0.00045772918,0.3718687817196126,0.1949195596951735,175.65826817260353,708.3672169128295,21.88760191107748,47.649259048912576,0.10829181140717,1.480229254295715,0.3620495086117481,53.621664699621874,1.017941914656867,1
tumor_017,0.0215397845158041,0.999106,0.0004084247,0.079294153559093,0.0083018380334011,258.6770428015564,558.8910505836576,109.99586470034752,133.39308736394037,0.062081601797415,6.797459072198882,53.878615614396885,214.09255677965757,1.021989154427103,1
tumor_018,0.0882618713284526,1.0,0.0004213742,0.2371763822786206,0.0698078736445073,178.7826086956522,508.8720979316168,68.15401401078513,211.55468478421037,0.0856910203902633,3.1621300701647987,8.766461637532176,255.14256996835988,1.0053471034115635,1
tumor_019,0.1116815653135277,1.0,0.0008959515,0.2110677301306574,0.0755391663873058,277.91272189349115,457.4068047337278,25.73522011038097,123.45122847377328,0.1686444768768792,2.5067268108866467,5.7287269929688165,127.0917925840502,1.015085098891688,1
tumor_020,0.4459980925823333,1.0,0.00056432444,0.4388782263596605,0.435202066241264,219.43602722988305,614.2811136323966,102.5104780768723,102.04889132356696,0.1408206914054828,0.2506310911960256,-1.7713203124238814,179.18608648267838,1.026194553320667,1
tumor_021,0.0469529959449425,1.0,0.0003109032,0.1394403330177106,0.0254587069903568,242.87767133382465,400.4694178334561,72.16640116574669,139.18437002190146,0.092577959951029,4.747075111134848,24.573781604841283,182.30050879172052,1.010169934007622,1
tumor_022,0.1461643155601429,1.0,0.00046978635,0.2278536478294764,0.1013600078841036,245.5065629557608,640.6674769081186,31.51018356273981,108.02847297973834,0.2063476284584569,1.903077314731821,2.835650335118878,132.29082295016872,1.0691503472272317,1
tumor_023,0.0372708381274302,0.9999999,0.00040482174,0.1230679871346813,0.0218267548863031,239.5644599303136,612.5121951219512,71.67859344190126,42.995085503013065,0.0767296719929526,5.115869273152005,28.66232555228929,100.72955929169274,1.0165123517689474,1
tumor_024,0.0373263540559511,0.99989235,0.00047836453,0.1000502004245292,0.0135177949097053,242.53255208333331,551.3255208333334,78.33200231192359,84.33826839195676,0.101945184278244,5.175441281880746,31.533794572798136,138.5789901967578,1.0059796810262387,1
tumor_025,0.1172528171429012,1.0,0.00038420764,0.2604541922293449,0.0956823605988283,212.4993197278912,689.1210884353742,43.44376952623173,66.8085383947548,0.1146265677969848,2.54159798109846,5.156140070010408,84.92589719242079,1.0170090947854398,1
tumor_026,0.2668024692272172,1.0,0.00045590286,0.4021494072676781,0.2457505230125523,206.8732375631817,609.1337456770418,115.3116295384382,110.50656535606647,0.1057348154796857,1.1342002697226845,-0.5595258869516613,198.3300116299461,1.014962408491516,1
tumor_027,0.0612077391427235,0.9996692,0.0003896343,0.1543923650432433,0.0373382545438939,224.41724137931035,447.4091954022989,99.25974598999944,129.339330615943,0.1125142393398406,3.676227455859781,14.072631278216376,202.9826075301911,1.007186518508302,1
tumor_028,0.0721577920378033,1.0,0.00039813545,0.1764730640579436,0.0485330578512396,251.2128565346956,431.5214985100043,59.63570967059195,188.1157245569761,0.11448165255388,3.328367646156368,11.068100929300348,233.32154617423333,1.009677138101623,1
tumor_029,0.2460393891415869,1.0,0.0005495578,0.3678309931346845,0.225482244243044,305.578667500782,490.4566781357522,78.2777700183789,112.1350456136569,0.1449983061293096,1.250819935280616,-0.1597089937944846,145.4410626208129,1.0243938025366597,1
tumor_030,0.0184558184909948,0.9999962,0.0003259895,0.0767940882617479,0.0078089017292634,237.6836461126005,545.1394101876675,68.44223548732252,108.00497395296075,0.0534334835081045,8.061409932927484,75.60059585814473,158.51149807602908,1.0079710635834451,1
tumor_031,0.3043026092683838,1.0,0.00054227724,0.4221216181925067,0.292234519345102,235.19217527386544,685.7856025039124,23.13353766183961,71.01407239525217,0.0982965206506287,0.8948897258956295,-1.0710925953304875,77.83920801779527,1.0074188299838254,1
tumor_032,0.0462921529851489,1.0,0.0002836288,0.1362049186049017,0.0280372103345601,218.4538258575198,508.07717678100266,96.72231206701858,96.90501418716777,0.0866296133155207,4.243261489694654,19.307392059645515,171.25531220777745,1.0111835751784617,1
tumor_033,0.4929996950050856,1.0,0.0006461007,0.4488525214874231,0.4806280392842386,235.4168099457744,434.50006612881896,93.99931262602004,109.76856251444744,0.1294111704413349,0.0687862624955312,-1.8620808128889708,167.99929352024282,1.0170601606638985,1
tumor_034,0.159447777763326,1.0,0.00037319175,0.2879439714476907,0.1275607432110528,197.6619981325864,571.0728291316526,98.68786037105193,71.75190891267117,0.1578538506744635,2.03533685646337,2.787043358873914,136.66361758217283,1.026992774716242,1
tumor_035,0.0649768280146085,0.99999595,0.00047022002,0.1765737802071169,0.0469976273042526,167.34563106796116,439.9106796116505,46.90847269960428,43.020967822140655,0.0958718824530862,3.559219690216344,12.527507185191716,76.60062390631987,1.0334887954646357,1
tumor_036,0.2367607204708281,1.0,0.00056471454,0.3214723778886925,0.2048112801377726,212.90522904440743,543.9640010510642,95.42370463888612,134.24095298851728,0.2131243371527515,1.3064336334388091,0.2308025099937478,206.16189199065573,1.002168539130918,1
tumor_037,0.0595087221683223,1.0,0.00036831654,0.1792382782741599,0.0430858404637041,284.0832799487508,518.5579756566303,71.63393298324982,48.20099256557797,0.0836055297286128,4.013016435226435,15.9674810087967,104.67136412110216,1.0125291349782894,1
tumor_038,0.1454043107491268,1.0,0.00046932933,0.3160619042080676,0.1270596228979106,150.4157754010695,631.4745989304813,41.5761606069616,38.28046159351276,0.0855023607011194,2.151845834859426,2.893510927369324,60.07130308413941,1.0311076546563869,1
tumor_039,0.3752667220521468,1.0,0.00047475268,0.4593680293492744,0.3615054787994283,260.8924617817607,501.06642066420665,36.35057485305187,28.96931493312221,0.0745582087002749,0.5556798786522774,-1.6278629234919666,54.876907880474775,1.0587435714013618,1
tumor_040,0.1008893513591765,0.99999774,0.00044835382,0.1867222681600417,0.0593364459973408,235.99791558103175,635.9796769150599,90.42382976805972,87.01777925763523,0.1749928416126493,2.664145209288732,6.987624659906519,156.1547709728324,1.0258761050428995,1
tumor_041,0.0415049913903507,1.0,0.00037941168,0.1293600721788554,0.0239695995323004,239.83797909407664,474.4756097560976,95.00903984182278,171.56453240089658,0.0850625955902891,4.917608827932433,26.29717252887455,230.47575640756423,1.0251465310485164,1
tumor_042,0.3160020499001382,1.0,0.0008497272,0.3467098586700973,0.2714326402734264,198.21117523609652,712.553777544596,89.78367525953647,122.4213497602675,0.254165066211148,0.909125702927792,-0.6877573885031896,179.08757740802108,1.0303418488497578,1
tumor_043,0.0586762196777181,0.9999981,0.00037050823,0.1706491652845462,0.0427926535155525,214.4277456647399,476.1994219653179,35.91438493427098,57.53187706201313,0.0901282352948951,3.923707373150813,15.274134891624357,83.25919674476012,1.0309109189172143,1
tumor_044,0.3426188772145613,1.0,0.0004038027,0.4107186047303566,0.3311469057898815,274.78328458002505,764.2485582950271,57.98166565910956,61.84448013494632,0.1477355992866542,0.6882935054109679,-1.3195154228679222,101.47385137178644,1.0100925243629573,1
tumor_045,0.0343362961574248,1.0,0.00038700303,0.1253342773085616,0.0188222716146639,247.5321375186846,625.5919282511211,33.48164075472293,192.45839958319144,0.0690039998952701,5.8338587132323205,36.74632205614244,223.47581112608444,1.0052397965383235,1
tumor_046,0.6134487407072042,1.0,0.000660556,0.4387481920045573,0.6117135072866573,209.0771208226221,538.0888981885574,63.99172341513172,202.61465386758584,0.1101074191540205,-0.4494124762531996,-1.6581604048834853,253.53255687302203,1.0113480392140146,1
tumor_047,0.1976962718525783,1.0,0.00035413879,0.3787415450415491,0.187166567871962,221.40424034485795,511.0929005014516,86.47713481666531,94.0053858628383,0.0601668329428861,1.580911281466435,0.5720202304252062,156.0908721111289,1.0084453352132163,1
tumor_048,0.0951250377207402,0.9999989,0.00036856713,0.2152318839521533,0.0735708486556187,189.7916260954236,740.6160337552743,80.24068028009333,111.4789613968611,0.1225353990268896,2.798882097082871,7.05325322317643,164.69125215330084,1.008947048812913,1
tumor_049,0.0669579496433007,1.0,0.00046137598,0.1702021395280251,0.0447474377745241,203.4887525562372,565.2699386503067,136.43554841554314,53.91215243486236,0.1115687478870986,3.558789704944988,12.770548850572029,168.35601100140397,1.0277961207231776,1
tumor_050,0.0205384484444249,0.9999974,0.00041426005,0.0792955821537518,0.0077984036209058,218.9882352941177,630.8549019607843,91.27680298713624,76.29446646530587,0.059332612066216,7.439568843942856,65.23125998772298,142.8886190294598,1.0091104971231533,1
tumor_051,0.1665763982296517,1.0,0.00036681033,0.2529220481417974,0.1144622447982807,224.8372093023256,549.3240879027096,110.6803241607356,76.19344284065988,0.2105770040778523,1.8503738495006,2.5829715853756383,166.28676848653265,1.0090144783994133,1
tumor_052,0.079608928091611,1.0,0.0003945589,0.2114172753579575,0.062310708332355,226.3251695553881,386.7204220045215,84.35819218546254,61.6704619354402,0.094361553024445,3.2852107106388324,10.027221513699825,128.07933498555286,1.0086186819296463,1
tumor_053,0.0710018987295757,0.9996791,0.00052445685,0.1692894366463215,0.0456971497744029,199.22155328115596,576.7314870559903,87.37035452098462,119.90135480695632,0.1234348755823681,3.4146507727404067,11.84034629068632,181.955733332902,1.0071695634119564,1
tumor_054,0.8901741480207578,1.0,0.0008307556,0.2552461557611885,0.8972100770351863,219.4046828951338,595.5161859234679,74.63523838624154,207.97155799779324,0.0692062692118867,-2.4165083957172104,4.502322372478368,267.37947000846003,1.0101636883439395,1
tumor_055,0.3357191487896059,1.0,0.00041898835,0.4135799743529217,0.3220145707950586,272.59000590202635,731.0613810741688,58.76058315450795,77.74689667614376,0.1401524371585902,0.7374698603061884,-1.2589102094394329,120.26507810105578,1.0029041509463144,1
tumor_056,0.0588185711500321,1.0,0.00048179665,0.1866834875981559,0.0438061386233728,294.7445175438597,538.4111842105264,82.5136715983747,119.55793393955874,0.0762697410718258,4.085943488746782,16.130136981819682,172.2717401785867,1.0328484873309889,1
tumor_057,0.0854056982199652,0.9998989,0.00044803362,0.2006540667762744,0.0623663578047042,131.2642857142857,644.9285714285714,57.26489958508437,88.87746322543052,0.1185767733890273,3.036317792924748,8.71856585729396,127.14739666331512,1.017398240074457,1
tumor_058,0.3289765421190959,1.0,0.00040978772,0.4530340411250598,0.3245170709793351,165.0261290880775,733.9448001384322,33.24623548864462,68.48867267939812,0.0506533589719193,0.7465334617393258,-1.3980992165286192,88.05122129744207,1.005415169346309,1
tumor_059,0.0486080981401456,0.9954411,0.00047299237,0.1370567089686632,0.0305435547071234,217.92434210526315,600.6348684210526,34.84898151632368,55.22151773570986,0.094756254609753,4.125449762855339,17.950566894418067,75.89973497680108,1.030989586086566,1
tumor_060,0.0865592222201786,0.9999982,0.00059607934,0.1924311178381496,0.0596625766871165,112.09383033419024,544.8624678663239,87.33255112703864,44.56566000288993,0.1340586271527202,3.0098701669687573,8.708750844079555,110.212291911693,1.080059640149749,1
tumor_061,0.0401508863678819,0.99999964,0.0003960901,0.1358622568903596,0.0257402136097121,214.05765595463137,669.2240075614367,74.98207399500501,126.93817582681,0.0740284270466336,5.012493035744814,26.59860286880213,176.86030892249354,1.011305180895098,1
tumor_062,0.0720526115604029,1.0,0.0005000934,0.18446909919497,0.047261318826814,265.495736906212,574.0627283800244,129.8884850813754,70.28530053114423,0.1128521806918738,3.627081545369784,13.196515606064631,173.70445155437116,1.009546728280879,1
tumor_063,0.1954113533719011,1.0,0.00050558185,0.2820911285728351,0.1640764710891595,207.7338782924614,521.7124691838588,102.36159481188524,183.35235265832316,0.2104215260450678,1.510067998400726,1.010576453715642,248.39980403519496,1.0102135303991375,1
tumor_064,0.3238347667694848,1.0,0.00052737835,0.3672173537571993,0.2908028646814926,200.29207172175416,642.0589760207388,129.6426725116998,65.55774451223685,0.2230767699321174,0.8451738951731278,-0.8908988800879882,175.72596288814665,1.028881978273856,1
tumor_065,0.0327518140853328,1.0,0.0003880169,0.1160199924440761,0.0177200236266981,219.23809523809524,431.37619047619046,37.99223575053544,46.6249106192112,0.0700298146068384,5.726475543885542,36.28618047225437,70.24689916281993,1.0210435198118766,1
tumor_066,0.2074870797568656,1.0,0.0006559385,0.2833748322825208,0.1659625033007657,268.3036329885972,568.928400954654,47.08457986600633,71.01367546063553,0.2333924743075356,1.489474807014621,0.9726089878151742,104.54375720010522,1.041596077940227,1
tumor_067,0.0194525912142293,0.99995136,0.0003815812,0.0797604666023588,0.0093191964285714,260.3293413173653,563.377245508982,24.666990018486757,172.5396636432833,0.056273171172743,7.580999991251728,65.27157940114917,198.947585436234,1.007035502360362,1
tumor_068,0.1438889954282194,1.0,0.000404114,0.2966308527898743,0.1211407967548889,219.47519636213312,730.0268706076891,51.90866809095713,114.62900643705674,0.1126928788428123,2.182209893025068,3.2308427171883487,149.79102146173855,1.023098870590725,1
tumor_069,0.0750776029452499,0.9995819,0.00043199954,0.1709685711934059,0.0477131135085853,239.28343949044583,375.9171974522293,59.84164632139065,74.00745602393796,0.1292911368403387,3.2006495783849997,10.292650703627872,118.95801943046304,1.0108240642809168,1
tumor_070,0.0457297925618168,1.0,0.00043507133,0.1225753096051712,0.0219664108552997,179.6481012658228,684.273417721519,85.98274902156945,95.59869273623016,0.1031004684836431,4.438152993733786,22.140856857683005,157.00349627575335,1.0328408636839332,1
tumor_071,0.0645863140745053,1.0,0.00038858916,0.186432703653006,0.0439684612294094,413.28840662478586,230.02113078241004,212.4847820729649,69.35384328657304,0.0948469659652936,3.9902911885998913,15.589121007753274,266.2831394848007,1.0110620009126758,1
tumor_072,0.4285362495478691,1.0,0.0006413837,0.3680488381522535,0.4225837894578991,304.95919091554293,173.42259581263306,173.3683790573555,66.73297175753892,0.2572912654945214,0.2717382222347699,-1.5379957553909145,226.3936758618148,1.008229572173324,1
tumor_073,0.2934771470390032,0.9999999,0.0013826445,0.307025840403365,0.2557328750306899,246.21908602150535,287.4965437788018,163.58269411966316,75.37397027568991,0.291039088856339,0.9103446770910956,-0.5761001388777753,206.5244630506096,1.0458744517194702,1
tumor_074,0.1184169204398822,1.0,0.00038703316,0.214523680726622,0.0785820525532969,153.0481072555205,197.3115141955836,125.41682573644388,102.0766086400854,0.1792426927354936,2.480401613596289,5.708063457606885,188.15649499240337,1.0310115154768884,1
tumor_075,0.1712928038139002,1.0,0.00052250887,0.2931115369839175,0.1379170715905409,199.9430416911333,164.95596007046387,88.00262058716145,72.18013325373461,0.1670780001233224,1.8856855434034856,2.188145370704159,132.29993727937713,1.0211196978366357,1
tumor_076,0.7800864425616681,1.0,0.00046164414,0.3918625499888567,0.7741152712408188,233.55965329350136,169.5747375507542,126.04722250658222,72.7869082968562,0.0491788951091693,-1.3171807362407493,-0.1702765765282308,176.8806140652164,1.0039095025251952,1
tumor_077,0.5240287088858261,0.9999994,0.00047835222,0.3252070425868962,0.5431689996118101,356.40278303274897,197.3787783242948,170.03087193757983,71.37761728782156,0.3097953647337897,-0.1609327247688603,-1.4057508478199936,221.0880227807908,1.017066922733984,1
tumor_078,0.6777510995980871,1.0,0.0008125865,0.3760503678474898,0.6668578775590941,200.69074244356776,260.0629134161896,79.98804446021403,94.0376491191832,0.1790147891520155,-0.6439057059257323,-1.2702218126073128,156.74403864577383,1.004696400235099,1
tumor_079,0.36031157060024,1.0,0.00066214876,0.3922105394905187,0.325802345667788,486.8501465048137,296.3874703502163,69.99402499698971,54.34385942481414,0.2076361078726826,0.6825691897110476,-1.2597542745076002,101.3085871717862,1.0317850961016422,1
tumor_080,0.2193018426245176,0.9999683,0.0008172609,0.2683732569874422,0.1661636945587563,272.9312052834342,247.18822234452395,126.72434300000909,80.44731721087517,0.2725396006151778,1.4009704421385525,0.8268652583547738,169.5093443870448,1.05711119704123,1
tumor_081,0.0751585163710895,1.0,0.00047091887,0.1635020620859021,0.0413321271061856,219.1997264021888,181.88372093023256,91.4230918509725,93.00513434982848,0.1416027834200277,3.271084514666568,11.146055149467651,163.74046715448011,1.0275651975578906,1
tumor_082,0.5480228906498967,0.99999976,0.0022469438,0.3724292073928627,0.5412938747419133,516.89849544395,169.73426573426573,247.4020385433844,28.094642102389603,0.2497716302736522,-0.1442548912389657,-1.6154259176738626,272.47600363539306,1.0439615926032897,1
tumor_083,0.2513949756498301,1.0,0.00068305334,0.2840474616429507,0.1979149751550777,393.7471283229406,189.2000328191664,115.96075417493384,133.08622918156192,0.2873562356359573,1.2086355599964085,0.2770511415642658,222.52200378413377,1.0325465122932609,1
tumor_084,0.2558063952742314,0.9999999,0.00048343645,0.3045696730119474,0.2134727598359235,125.0895805142084,208.79458728010823,46.41292383606234,78.41323362487329,0.2541326404911672,1.1354974357969718,-0.0139622321391006,107.74275655806886,1.0163731878444353,1
tumor_085,0.5014924019444844,1.0,0.0005505949,0.4201455172416189,0.4778816199376947,225.4247718383312,183.56731855714904,82.2004752706838,43.11594599376935,0.1874622516413993,0.0744544110288403,-1.7683333341486491,112.37311084013228,1.0192450111421532,1
tumor_086,0.1144038621877706,0.99999106,0.00039451433,0.195270497873479,0.0687378023873281,416.3558930340046,239.7540442390228,170.7529751523444,94.1806489650137,0.1933696452696756,2.399050168060349,5.404127176704138,240.7130042303281,1.0185972030695694,1
tumor_087,0.1394071884361879,0.999998,0.00045434755,0.216077158653212,0.0907556643179612,251.6927010692701,215.83031148303115,132.02166868377597,97.58588360316544,0.2152010114558031,2.029527930663679,3.438500787042487,204.97410241929,1.0214145695611905,1
tumor_088,0.1426692503229048,1.0,0.00038075287,0.3026180101483739,0.1219998008166517,417.7602040816327,193.9748979591837,217.824393435328,66.73721525880288,0.1012853876566204,2.189815968567308,3.1839532840387528,264.90801980330406,1.009769245857263,1
tumor_089,0.6798561933655608,1.0,0.00055122626,0.3957218681491545,0.6807251158303458,246.20040942732663,223.29734222175563,111.07972044401342,84.37495280509884,0.1411665366082018,-0.7387294137833159,-1.214193656033094,174.51407230105156,1.0070295679067514,1
tumor_090,0.2904658590837967,1.0,0.0006772058,0.3695665555944073,0.2471414570401829,176.45604758757435,145.29874421678784,57.294695081557,52.66632692958803,0.2015459708290136,1.0787725974255458,-0.5009113779535896,79.98648410300798,1.0724252411500144,1
tumor_091,0.3769872016788868,1.0,0.00089242676,0.3351835753989559,0.342287372572364,160.1732608695652,120.44239130434782,33.27038411157808,31.59966542783687,0.2983165020395404,0.5640004998232948,-1.098784694907383,57.18389754689529,1.0108599423269888,1
tumor_092,0.6826746440932226,0.99999905,0.00065724546,0.3694296412372756,0.6950715009485209,508.2784189931275,214.8053884011268,199.5437382435221,80.27038023792366,0.1751089244299073,-0.7868913003258267,-1.0685873321906492,262.26843047814725,1.007775207140319,1
tumor_093,0.2469715332864664,0.9999989,0.00057770096,0.2889984207908691,0.2084650317892824,177.71662600209132,165.1035203903799,91.54338627617848,88.38537179406242,0.2685472422668627,1.130740462669722,-0.0374720242400008,156.5915268079595,1.0064006031437251,1
tumor_094,0.37760517969617,1.0,0.00071009493,0.3693621033109167,0.3508199865733192,241.5168124658283,233.7337342810279,83.08912699721591,75.44510468540864,0.2496557526621856,0.5607657586247133,-1.317641153869118,132.71466296963416,1.0526370531391238,1
tumor_095,0.7086386327992422,1.0,0.00066804246,0.3588114236289965,0.7166072315262041,388.569406824147,273.1115590551181,192.69182853391223,101.91659852982517,0.1704535245021078,-0.8648411001863028,-0.8782624242898307,269.7734569930839,1.0123127032469512,1
tumor_096,0.2055573813066736,0.9999999,0.00048740953,0.2721686295030888,0.1656460238054166,332.37412132257225,146.27050247331425,164.89918925178728,67.2367419715808,0.2413566877672714,1.4180456682050764,0.8108081386945103,215.9589137813742,1.023826459249797,1
tumor_097,0.3345004797346194,1.0,0.0006181832,0.3188275314664382,0.2994317522903861,317.5197521301317,144.50387296669248,101.27268721154928,89.28592005887894,0.2979906534966464,0.6878061965103103,-0.9364806514370856,166.56997992668337,1.040597480512178,1
tumor_098,0.0391997143126709,0.9996947,0.00043355997,0.1053463479345771,0.0153582153582153,206.37430167597765,303.2346368715084,98.07014710401918,50.37147732260226,0.101874177423371,5.081969449955797,30.28233701890203,132.6795713120438,1.0308882205926513,1
tumor_099,0.1620322316815895,1.0,0.00030947014,0.2563373091533354,0.1271678228388474,295.59900340938896,217.67007605559925,102.28124152170236,73.81753390983931,0.1985208075782117,1.8288694041192948,2.249803513265137,155.5174436055838,1.0098277108831664,1
tumor_100,0.3626842954232793,1.0,0.0011191377,0.3154959503350902,0.3286500485594043,319.4256304176517,200.59141055949567,54.09164458295263,75.78837753199569,0.3193042890212038,0.5742334995826036,-1.0621060800185012,113.69904908015512,1.0268724901317463,1
tumor_101,0.2355200919253841,1.0,0.00040504543,0.3282378480225372,0.1915528426354255,336.2242069162618,122.82709345527292,168.9051564480145,59.3722938290122,0.2098793787028172,1.4170483015072053,0.5276815267778971,213.11748253838925,1.0028638157500356,1
tumor_102,0.4708520827907225,1.0,0.00054740754,0.3634794337127551,0.4696371634254952,523.540177712813,204.81038196715005,253.92603417113327,83.13003034721329,0.2681365421660271,0.0984719940238629,-1.5812894851704589,318.31666546173057,1.008564904141814,1
tumor_103,0.2028985923632801,1.0,0.0005336664,0.2773747155238574,0.1610838537020517,381.8482624948082,203.73999723106743,189.87150128248692,93.34691556081675,0.2351804452294646,1.5059088160950975,1.0475201544433967,260.59344775883943,1.0114973044533713,1
tumor_104,0.5720390318730534,1.0,0.0008959126,0.3389580014826737,0.5939626886659792,324.09037532750403,224.3728968717447,112.93238233171512,83.71607641584833,0.2780508222196827,-0.3209436082102981,-1.385710301021066,176.2096829526028,1.0092572935610375,1
tumor_105,0.4159688839292702,1.0,0.0007215212,0.3486197708063502,0.3938319105446675,272.34071134177987,213.17524042130967,111.43079645437336,81.75040742236419,0.2880294107394377,0.3681592444407649,-1.360461970113002,163.30838104571737,1.0263575882557603,1
tumor_106,0.1969598642730502,1.0,0.00046662026,0.2976792360628394,0.1623668400060584,387.0099502487562,195.38733416252072,164.44146604508114,77.15106244091716,0.1995150594202362,1.618935655855608,1.2420721022608427,220.25760230200837,1.0122704546671364,1
tumor_107,0.1619292861082836,0.9999999,0.0005710234,0.2281602980768486,0.1033176685137125,151.92803801765106,179.3224711473184,90.6040915559191,56.24385506877441,0.2466482640868525,1.9332985264759528,3.04557871705153,130.16296551584458,1.0356828924442194,1
tumor_108,0.2459894043083416,1.0,0.0005379046,0.3104180357993196,0.2062777161862527,292.2896652110626,246.0006718172657,79.6112514941949,99.91496440232667,0.2388468596766028,1.236900432721781,0.1721015420374501,156.7028305880618,1.0207578166340965,1
tumor_109,0.3237210749013491,1.0,0.0009019163,0.3852745132061189,0.2797397031981589,410.8394326241135,197.86836879432624,85.46490154105817,26.56370329604216,0.2052452598073453,0.9090131657076334,-0.897796199072741,81.14827338152533,1.0626230039408382,1
tumor_110,0.6122252856551113,1.0,0.0006910787,0.4361948864552903,0.5850808348394444,162.81423493568045,141.57972241029114,55.3188457868983,66.18644861414714,0.1327141228462041,-0.3625932621555844,-1.7428844693818395,108.98391417261688,1.0065588613390088,1
tumor_111,0.0982911455163642,1.0,0.00046001156,0.2115327974016776,0.070004672169444,142.80867630700777,676.2780867630701,66.22435568757531,108.25597152469484,0.1370134568773399,2.8118220263844904,7.346690987120391,141.9419644049238,1.0551792132170943,1
